{
  "auc": 0.7577989878931523,
  "f1": 0.4806201550387597,
  "precision": 0.5,
  "recall": 0.4626865671641791
}