{
  "logistic_regression": {
    "train_auc": 0.7733867765892849,
    "val_auc": 0.7801090263691685,
    "test_auc": 0.7863045288578566,
    "train_pr_auc": 0.5036448530190756,
    "val_pr_auc": 0.5023525159635907,
    "test_pr_auc": 0.5556968592137811
  },
  "xgboost": {
    "train_auc": 0.9058850833761503,
    "val_auc": 0.8052738336713996,
    "test_auc": 0.7225033630132598,
    "train_pr_auc": 0.802053947482499,
    "val_pr_auc": 0.5175822698201916,
    "test_pr_auc": 0.42873418932383756
  },
  "lightgbm": {
    "train_auc": 0.92883250035032,
    "val_auc": 0.8112322515212981,
    "test_auc": 0.7303183652552688,
    "train_pr_auc": 0.8219980188736534,
    "val_pr_auc": 0.5204458033183466,
    "test_pr_auc": 0.47103646954168976
  },
  "ensemble": {
    "train_auc": 0.8803803307020412,
    "val_auc": 0.8060978701825559,
    "test_auc": 0.7577989878931523,
    "train_pr_auc": 0.7393574208244749,
    "val_pr_auc": 0.5226776022519114,
    "test_pr_auc": 0.49067779117301535
  }
}